,classify,title,time,url
0,国内财经,地产商特朗普的这盘棋,01-22 12:04,http://cj.sina.com.cn/article/detail/3558486474/151876
1,国内财经,谁是万亿时代房地产行业的典范企业？ |  2017中国…,01-22 11:48,http://cj.sina.com.cn/article/detail/1644983660/151973
2,证券,港股风云志之三：“工业股壳王”高振顺 君子爱财取之有道,01-22 11:48,http://cj.sina.com.cn/article/detail/5835524730/152119
3,证券,天道轮回，破而后立的橡胶行业该关注了,01-22 11:30,http://cj.sina.com.cn/article/detail/5835524730/152118
4,证券,华南城，漂亮溢价背后也许是万丈深渊,01-22 11:30,http://cj.sina.com.cn/article/detail/5835524730/152117
5,国内财经,天津市委原代理书记、原市长黄兴国涉嫌受贿罪被立案,01-22 11:06,http://finance.sina.com.cn/roll/2017-01-22/doc-ifxzunxf1733078.shtml
6,国内财经,刘晓光遗体告别今日上午8点举行 王石等大佬送别,01-22 10:07,http://finance.sina.com.cn/china/gncj/2017-01-22/doc-ifxzusws0030695.shtml
7,国内财经,周立波3月将在美受审 投资人钞票打水漂大倒苦水,01-22 09:15,http://finance.sina.com.cn/roll/2017-01-22/doc-ifxzunxf1722030.shtml
8,国内财经,人民日报谈农业改革：政府多放手 市场出好手,01-22 08:52,http://finance.sina.com.cn/roll/2017-01-22/doc-ifxzutkf2273386.shtml
9,国内财经,调查：9成上班族有年终奖 仅半数超过一万,01-22 08:37,http://finance.sina.com.cn/roll/2017-01-22/doc-ifxzutkf2272374.shtml
